Date,Open,High,Low,Close,Volume
2020/1/1,100,150,80,120,10049.67142
2020/1/2,100.0479846,150.0479846,80.03838772,120.0479846,9995.770499
2020/1/3,100.0959693,150.0959693,80.07677543,120.0959693,10083.96271
2020/1/6,100.1439539,150.1439539,80.11516315,120.1439539,10181.09377
2020/1/7,100.1919386,150.1919386,80.15355086,120.1919386,10014.97238
2020/1/8,100.2399232,150.2399232,80.19193858,120.2399232,10024.57095
2020/1/9,100.2879079,150.2879079,80.2303263,120.2879079,10215.50286
2020/1/10,100.3358925,150.3358925,80.26871401,120.3358925,10143.92198
2020/1/13,100.3838772,150.3838772,80.30710173,120.3838772,10029.82799
2020/1/14,100.4318618,150.4318618,80.34548944,120.4318618,10140.62837
2020/1/15,100.4798464,150.4798464,80.38387716,120.4798464,10049.62752
2020/1/16,100.5278311,150.5278311,80.42226488,120.5278311,10058.99324
2020/1/17,100.5758157,150.5758157,80.46065259,120.5758157,10139.35937
2020/1/20,100.6238004,150.6238004,80.49904031,120.6238004,9933.432052
2020/1/21,100.671785,150.671785,80.53742802,120.671785,9961.865223
2020/1/22,100.7197697,150.7197697,80.57581574,120.7197697,10087.72518
2020/1/23,100.7677543,150.7677543,80.61420345,120.7677543,10052.26775
2020/1/24,100.815739,150.815739,80.65259117,120.815739,10194.57253
2020/1/27,100.8637236,150.8637236,80.69097889,120.8637236,10081.94231
2020/1/28,100.9117083,150.9117083,80.7293666,120.9117083,10041.11128
2020/1/29,100.9596929,150.9596929,80.76775432,120.9596929,10338.50346
2020/1/30,101.0076775,151.0076775,80.80614203,121.0076775,10178.95788
2020/1/31,101.0556622,151.0556622,80.84452975,121.0556622,10217.88526
2020/2/3,101.1036468,151.1036468,80.88291747,121.1036468,10078.25455
2020/2/4,101.1516315,151.1516315,80.92130518,121.1516315,10175.88802
2020/2/5,101.1996161,151.1996161,80.9596929,121.1996161,10251.01548
2020/2/6,101.2476008,151.2476008,80.99808061,121.2476008,10134.4208
2020/2/7,101.2955854,151.2955854,81.03646833,121.2955854,10296.68688
2020/2/10,101.3435701,151.3435701,81.07485605,121.3435701,10208.65014
2020/2/11,101.3915547,151.3915547,81.11324376,121.8888547,10249.14157
2020/2/12,101.4395393,151.4395393,81.15163148,121.4395393,10227.73721
2020/2/13,101.487524,151.487524,81.19001919,121.487524,10482.73262
2020/2/14,101.5355086,151.5355086,81.22840691,121.5355086,10305.752
2020/2/17,101.5834933,151.5834933,81.26679463,121.5834933,10210.92756
2020/2/18,101.6314779,151.6314779,81.30518234,121.6314779,10408.55008
2020/2/19,101.6794626,151.6794626,81.34357006,121.6794626,10213.80815
2020/2/20,101.7274472,151.7274472,81.38195777,121.7274472,10366.3758
2020/2/21,101.7754319,151.7754319,81.42034549,121.7754319,10159.11936
2020/2/24,101.8234165,151.8234165,81.45873321,121.8234165,10231.8647
2020/2/25,101.8714012,151.8714012,81.49712092,121.8714012,10393.96635
2020/2/26,101.9193858,151.9193858,81.53550864,121.9193858,10457.72382
2020/2/27,101.9673704,151.9673704,81.57389635,121.9673704,10410.61092
2020/2/28,102.0153551,152.0153551,81.61228407,122.0153551,10391.50619
2020/3/2,102.0633397,152.0633397,81.65067179,122.0633397,10382.55758
2020/3/3,102.1113244,152.1113244,81.6890595,122.1113244,10274.41268
2020/3/4,102.159309,152.159309,81.72744722,122.159309,10359.87738
2020/3/5,102.2072937,152.2072937,81.76583493,122.2072937,10395.39486
2020/3/6,102.2552783,152.2552783,81.80422265,122.2552783,10556.76788
2020/3/9,102.303263,152.303263,81.84261036,122.303263,10495.01442
2020/3/10,102.3512476,152.3512476,81.88099808,122.3512476,10293.9455
2020/3/11,102.3992322,152.3992322,81.9193858,122.3992322,10512.25485
2020/3/12,102.4472169,152.4472169,81.95777351,122.4472169,10450.93515
2020/3/13,102.4952015,152.4952015,81.99616123,122.4952015,10431.34811
2020/3/16,102.5431862,152.5431862,82.03454894,122.5431862,10569.80486
2020/3/17,102.5911708,152.5911708,82.07293666,122.5911708,10621.33412
2020/3/18,102.6391555,152.6391555,82.11132438,122.6391555,10620.95911
2020/3/19,102.6871401,152.6871401,82.14971209,122.6871401,10453.50627
2020/3/20,102.7351248,152.7351248,82.18809981,122.7351248,10516.10371
2020/3/23,102.7831094,152.7831094,82.22648752,122.7831094,10589.74822
2020/3/24,102.831094,152.831094,82.26487524,122.831094,10663.77332
2020/3/25,102.8790787,152.8790787,82.30326296,156.787,10527.89832
2020/3/26,102.9270633,152.9270633,82.34165067,122.9270633,10566.84677
2020/3/27,102.975048,152.975048,82.38003839,122.975048,10484.3761
2020/3/30,103.0230326,153.0230326,82.4184261,123.0230326,10484.98586
2020/3/31,103.0710173,153.0710173,82.45681382,123.0710173,10695.45604
2020/4/1,103.1190019,153.1190019,82.49520154,123.1190019,10759.42439
2020/4/2,103.1669866,153.1669866,82.53358925,123.1669866,10626.1963
2020/4/3,103.2149712,153.2149712,82.57197697,123.2149712,10743.34753
2020/4/6,103.2629559,153.2629559,82.61036468,123.2629559,10688.75477
2020/4/7,103.3109405,153.3109405,82.6487524,123.3109405,10597.67612
2020/4/8,103.3589251,153.3589251,82.68714012,123.3589251,10707.92459
2020/4/9,103.4069098,153.4069098,82.72552783,123.4069098,10835.18561
2020/4/10,103.4548944,153.4548944,82.76391555,123.4548944,10687.39628
2020/4/13,103.5028791,153.5028791,82.80230326,123.5028791,10857.04018
2020/4/14,103.5508637,153.5508637,82.84069098,123.5508637,10448.19823
2020/4/15,103.5988484,153.5988484,82.87907869,123.5988484,10801.95992
2020/4/16,103.646833,153.646833,82.91746641,123.646833,10738.07131
2020/4/17,103.6948177,153.6948177,82.95585413,123.6948177,10709.0628
2020/4/20,103.7428023,153.7428023,82.99424184,123.7428023,10757.73654
2020/4/21,103.7907869,153.7907869,83.03262956,123.7907869,10559.4005
2020/4/22,103.8387716,153.8387716,83.07101727,123.8387716,10745.78713
2020/4/23,103.8867562,153.8867562,83.10940499,123.8867562,10813.0625
2020/4/24,103.9347409,153.9347409,83.14779271,123.9347409,10934.73758
2020/4/27,103.9827255,153.9827255,83.18618042,123.9827255,10744.71808
2020/4/28,104.0307102,154.0307102,83.22456814,124.0307102,10725.29267
2020/4/29,104.0786948,154.0786948,83.26295585,124.0786948,10765.56326
2020/4/30,104.1266795,154.1266795,83.30134357,124.1266795,10916.8761
2020/5/1,104.1746641,154.1746641,83.33973129,124.1746641,10867.80793
2020/5/4,104.2226488,154.2226488,83.378119,124.2226488,10791.55373
2020/5/5,104.2706334,154.2706334,83.41650672,124.2706334,10905.45342
2020/5/6,104.318618,154.318618,83.45489443,124.318618,10873.43136
2020/5/7,104.3666027,154.3666027,83.49328215,124.3666027,10970.18504
2020/5/8,104.4145873,154.4145873,83.53166987,124.4145873,10812.71216
2020/5/11,104.462572,154.462572,83.57005758,124.462572,10859.74818
2020/5/12,104.5105566,154.5105566,83.6084453,124.5105566,10862.90051
2020/5/13,104.5585413,154.5585413,83.64683301,124.5585413,10765.35676
2020/5/14,104.6065259,154.6065259,83.68522073,124.6065259,10950.91721
2020/5/15,104.6545106,154.6545106,83.72360845,124.6545106,10957.00764
2020/5/18,104.7024952,154.7024952,83.76199616,124.7024952,10941.01039
2020/5/19,104.7504798,154.7504798,83.80038388,124.7504798,10926.63726
2020/5/20,104.7984645,154.7984645,83.83877159,124.7984645,10818.15582
2020/5/21,104.8464491,154.8464491,83.87715931,124.8464491,10927.22529
2020/5/22,104.8944338,154.8944338,83.91554702,124.8944338,10944.6153
2020/5/25,104.9424184,154.9424184,83.95393474,124.9424184,10908.25596
2020/5/26,104.9904031,154.9904031,83.99232246,139.66,10981.95204
2020/5/27,105.0383877,155.0383877,84.03071017,125.0383877,11048.08263
2020/5/28,105.0863724,155.0863724,84.06909789,125.0863724,11205.89306
2020/5/29,105.134357,155.134357,84.1074856,125.134357,11044.32918
2020/6/1,105.1823417,155.1823417,84.14587332,125.1823417,11062.22337
2020/6/2,105.2303263,155.2303263,84.18426104,125.2303263,11038.62067
2020/6/3,105.2783109,155.2783109,84.22264875,125.2783109,10863.78507
2020/6/4,105.3262956,155.3262956,84.26103647,125.3262956,11062.60773
2020/6/5,105.3742802,155.3742802,84.29942418,125.3742802,11080.87907
2020/6/8,105.4222649,155.4222649,84.3378119,125.4222649,11330.77719
2020/6/9,105.4702495,155.4702495,84.37619962,125.4702495,11074.81381
2020/6/10,105.5182342,155.5182342,84.41458733,125.5182342,11133.80157
2020/6/11,105.5662188,155.5662188,84.45297505,125.5662188,11109.77259
2020/6/12,105.6142035,155.6142035,84.49136276,125.6142035,11005.97289
2020/6/15,105.6621881,155.6621881,84.52975048,125.6621881,11246.7199
2020/6/16,105.7101727,155.7101727,84.5681382,125.7101727,11217.22785
2020/6/17,105.7581574,155.7581574,84.60652591,125.7581574,11230.73467
2020/6/18,105.806142,155.806142,84.64491363,125.806142,11070.28966
2020/6/19,105.8541267,155.8541267,84.68330134,125.8541267,11311.10477
2020/6/22,105.9021113,155.9021113,84.72168906,125.9021113,11040.23716
2020/6/23,105.950096,155.950096,84.76007678,125.950096,11248.7049
2020/6/24,105.9980806,155.9980806,84.79846449,125.9980806,11418.66169
2020/6/25,106.0460653,156.0460653,84.83685221,126.0460653,11110.15942
2020/6/26,106.0940499,156.0940499,84.87523992,126.0940499,11162.18021
2020/6/29,106.1420345,156.1420345,84.91362764,126.1420345,11238.37205
2020/6/30,106.1900192,156.1900192,84.95201536,126.1900192,11187.65627
2020/7/1,106.2380038,156.2380038,84.99040307,126.2380038,11092.53442
2020/7/2,106.2859885,156.2859885,85.02879079,126.2859885,11264.05399
2020/7/3,106.3339731,156.3339731,85.0671785,126.3339731,11160.56425
2020/7/6,106.3819578,156.3819578,85.10556622,126.3819578,11323.7508
2020/7/7,106.4299424,156.4299424,85.14395393,126.4299424,11194.04606
2020/7/8,106.4779271,156.4779271,85.18234165,126.4779271,11450.57885
2020/7/9,106.5259117,156.5259117,85.22072937,126.5259117,11226.85701
2020/7/10,106.5738964,156.5738964,85.25911708,126.5738964,11282.57312
2020/7/13,106.621881,156.621881,85.2975048,126.621881,11405.72792
2020/7/14,106.6698656,156.6698656,85.33589251,126.6698656,11210.8867
2020/7/15,106.7178503,156.7178503,85.37428023,126.7178503,11366.31605
2020/7/16,106.7658349,156.7658349,85.41266795,126.7658349,11483.88126
2020/7/17,106.8138196,156.8138196,85.45105566,126.8138196,11202.01559
2020/7/20,106.8618042,156.8618042,85.48944338,126.8618042,11390.82423
2020/7/21,106.9097889,156.9097889,85.52783109,126.9097889,11407.94605
2020/7/22,106.9577735,156.9577735,85.56621881,126.9577735,11469.73699
2020/7/23,107.0057582,157.0057582,85.60460653,127.0057582,11277.45656
2020/7/24,107.0537428,157.0537428,85.64299424,127.0537428,11278.7029
2020/7/27,107.1017274,157.1017274,85.68138196,127.1017274,11472.53965
2020/7/28,107.1497121,157.1497121,85.71976967,127.1497121,11459.64089
2020/7/29,107.1976967,157.1976967,85.75815739,127.1976967,11464.58863
2020/7/30,107.2456814,157.2456814,85.79654511,127.2456814,11483.7811
2020/7/31,107.293666,157.293666,85.83493282,127.293666,11390.73073
2020/8/3,107.3416507,157.3416507,85.87332054,127.3416507,11491.5555
2020/8/4,107.3896353,157.3896353,85.91170825,127.3896353,11507.23431
2020/8/5,107.43762,157.43762,85.95009597,127.43762,11416.08885
2020/8/6,107.4856046,157.4856046,85.98848369,127.4856046,11683.69837
2020/8/7,107.5335893,157.5335893,86.0268714,127.5335893,11554.10114
2020/8/10,107.5815739,157.5815739,86.06525912,127.5815739,11397.18443
2020/8/11,107.6295585,157.6295585,86.10364683,127.6295585,11591.56707
2020/8/12,107.6775432,157.6775432,86.14203455,127.6775432,11438.04047
2020/8/13,107.7255278,157.7255278,86.18042226,127.7255278,11623.81403
2020/8/14,107.7735125,157.7735125,86.21880998,127.7735125,11670.56205
2020/8/17,107.8214971,157.8214971,86.2571977,127.8214971,11482.23119
2020/8/18,107.8694818,157.8694818,86.29558541,127.8694818,11670.23397
2020/8/19,107.9174664,157.9174664,86.33397313,145.74664,11624.77137
2020/8/20,107.9654511,157.9654511,86.37236084,146.74664,11675.29623
2020/8/21,108.0134357,158.0134357,86.41074856,147.74664,11792.36644
2020/8/24,108.0614203,158.0614203,86.44913628,148.74664,11587.74526
2020/8/25,108.109405,158.109405,86.48752399,149.74664,11546.50738
2020/8/26,108.1573896,158.1573896,86.52591171,150.74664,11542.52648
2020/8/27,108.2053743,158.2053743,86.56429942,151.74664,11559.49383
2020/8/28,108.2533589,158.2533589,86.60268714,152.74664,11642.96161
2020/8/31,108.3013436,158.3013436,86.64107486,153.74664,11694.38391
2020/9/1,108.3493282,158.3493282,86.67946257,154.74664,11697.53472
2020/9/2,108.3973129,158.3973129,86.71785029,155.74664,11762.1809
2020/9/3,108.4452975,158.4452975,86.756238,156.74664,11690.35969
2020/9/4,108.4932821,158.4932821,86.79462572,157.74664,11844.00984
2020/9/7,108.5412668,158.5412668,86.83301344,158.74664,11681.78768
2020/9/8,108.5892514,158.5892514,86.87140115,159.74664,11989.8672
2020/9/9,108.6372361,158.6372361,86.90978887,160.74664,11790.01395
2020/9/10,108.6852207,158.6852207,86.94817658,161.74664,11651.32839
2020/9/11,108.7332054,158.7332054,86.9865643,162.74664,11639.55183
2020/9/14,108.78119,158.78119,87.02495202,163.74664,11804.48525
2020/9/15,108.8291747,158.8291747,87.06333973,164.74664,11743.48865
2020/9/16,108.8771593,158.8771593,87.10172745,165.74664,11846.83191
2020/9/17,108.925144,158.925144,87.14011516,166.74664,11832.35255
2020/9/18,108.9731286,158.9731286,87.17850288,167.74664,11787.34283
2020/9/21,109.0211132,159.0211132,87.2168906,168.74664,11719.54328
2020/9/22,109.0690979,159.0690979,87.25527831,169.74664,11662.33486
2020/9/23,109.1170825,159.1170825,87.29366603,170.74664,11778.76501
2020/9/24,109.1650672,159.1650672,87.33205374,171.74664,11918.65332
2020/9/25,109.2130518,159.2130518,87.37044146,172.74664,11864.01974
2020/9/28,109.2610365,159.2610365,87.40882917,173.74664,11727.63342
2020/9/29,109.3090211,159.3090211,87.44721689,174.74664,11879.12232
2020/9/30,109.3570058,159.3570058,87.48560461,129.3570058,11909.93289
2020/10/1,109.4049904,159.4049904,87.52399232,129.4049904,11792.61234
2020/10/2,109.452975,159.452975,87.56238004,129.452975,11905.96752
2020/10/5,109.5009597,159.5009597,87.60076775,129.5009597,11906.01281
2020/10/6,109.5489443,159.5489443,87.63915547,129.5489443,11795.49184
2020/10/7,109.596929,159.596929,87.67754319,129.596929,11955.16453
2020/10/8,109.6449136,159.6449136,87.7159309,129.6449136,11985.06118
2020/10/9,109.6928983,159.6928983,87.75431862,129.6928983,12046.88478
2020/10/12,109.7408829,159.7408829,87.79270633,129.7408829,12053.55679
2020/10/13,109.7888676,159.7888676,87.83109405,129.7888676,11820.00658
2020/10/14,109.8368522,159.8368522,87.86948177,129.8368522,11873.58794
2020/10/15,109.8848369,159.8848369,87.90786948,129.8848369,12028.4709
2020/10/16,109.9328215,159.9328215,87.9462572,129.9328215,12037.94289
2020/10/19,109.9808061,159.9808061,87.98464491,129.9808061,12047.666
2020/10/20,110.0287908,160.0287908,88.02303263,130.0287908,12391.03131
2020/10/21,110.0767754,160.0767754,88.06142035,130.0767754,12072.44414
2020/10/22,110.1247601,160.1247601,88.09980806,130.1247601,12138.50858
2020/10/23,110.1727447,160.1727447,88.13819578,130.1727447,12129.94912
2020/10/26,110.2207294,160.2207294,88.17658349,130.2207294,12109.285
2020/10/27,110.268714,160.268714,88.21497121,130.268714,12022.21588
2020/10/28,110.3166987,160.3166987,88.25335893,130.3166987,12139.23665
2020/10/29,110.3646833,160.3646833,88.29174664,130.3646833,11995.65414
2020/10/30,110.4126679,160.4126679,88.33013436,130.4126679,12058.85173
2020/11/2,110.4606526,160.4606526,88.36852207,130.4606526,12043.59416
2020/11/3,110.5086372,160.5086372,88.40690979,130.5086372,12109.91486
2020/11/4,110.5566219,160.5566219,88.4452975,130.5566219,12342.79023
2020/11/5,110.6046065,160.6046065,88.48368522,130.6046065,11934.19479
2020/11/6,110.6525912,160.6525912,88.52207294,130.6525912,12199.14425
2020/11/9,110.7005758,160.7005758,88.56046065,130.7005758,11978.84358
2020/11/10,110.7485605,160.7485605,88.59884837,130.7485605,12102.51891
2020/11/11,110.7965451,160.7965451,88.63723608,130.7965451,12268.20408
2020/11/12,110.8445298,160.8445298,88.6756238,130.8445298,12175.33395
2020/11/13,110.8925144,160.8925144,88.71401152,130.8925144,12070.7284
2020/11/16,110.940499,160.940499,88.75239923,130.940499,12116.56944
2020/11/17,110.9884837,160.9884837,88.79078695,130.9884837,12265.65651
2020/11/18,111.0364683,161.0364683,88.82917466,131.0364683,12134.257
2020/11/19,111.084453,161.084453,88.86756238,131.084453,12238.53645
2020/11/20,111.1324376,161.1324376,88.9059501,131.1324376,12231.04471
2020/11/23,111.1804223,161.1804223,88.94433781,131.1804223,12170.92442
2020/11/24,111.2284069,161.2284069,88.98272553,131.2284069,12460.07579
2020/11/25,111.2763916,161.2763916,89.02111324,131.2763916,12318.67021
2020/11/26,111.3243762,161.3243762,89.05950096,131.3243762,12062.36098
2020/11/27,111.3723608,161.3723608,89.09788868,131.3723608,12293.1176
2020/11/30,111.4203455,161.4203455,89.13627639,131.4203455,12217.89045
2020/12/1,111.4683301,161.4683301,89.17466411,131.4683301,12378.90936
2020/12/2,111.5163148,161.5163148,89.21305182,131.5163148,12224.01088
2020/12/3,111.5642994,161.5642994,89.25143954,131.5642994,12301.38624
2020/12/4,111.6122841,161.6122841,89.28982726,131.6122841,12372.95554
2020/12/7,111.6602687,161.6602687,89.32821497,131.6602687,12418.62926
2020/12/8,111.7082534,161.7082534,89.36660269,131.7082534,12221.62103
2020/12/9,111.756238,161.756238,89.4049904,131.756238,12317.79748
2020/12/10,111.8042226,161.8042226,89.44337812,131.8042226,12313.35
2020/12/11,111.8522073,161.8522073,89.48176583,131.8522073,12305.10854
2020/12/14,111.9001919,161.9001919,89.52015355,131.9001919,12556.58381
2020/12/15,111.9481766,161.9481766,89.55854127,131.9481766,12430.13349
2020/12/16,111.9961612,161.9961612,89.59692898,131.9961612,12273.14385
2020/12/17,112.0441459,162.0441459,89.6353167,132.0441459,12500.61537
2020/12/18,112.0921305,162.0921305,89.67370441,132.0921305,12630.64172
2020/12/21,112.1401152,162.1401152,89.71209213,132.1401152,12531.26956
2020/12/22,112.1880998,162.1880998,89.75047985,132.1880998,12285.68297
2020/12/23,112.2360845,162.2360845,89.78886756,132.2360845,12398.79348
2020/12/24,112.2840691,162.2840691,89.82725528,132.2840691,12583.50493
2020/12/25,112.3320537,162.3320537,89.86564299,132.3320537,12395.6438
2020/12/28,112.3800384,162.3800384,89.90403071,132.3800384,12520.38962
2020/12/29,112.428023,162.428023,89.94241843,132.428023,12563.06801
2020/12/30,112.4760077,162.4760077,89.98080614,132.4760077,12402.50849
2020/12/31,112.5239923,162.5239923,90.01919386,132.5239923,12498.84593
2021/1/1,112.571977,162.571977,90.05758157,132.571977,12190.26866
2021/1/4,112.6199616,162.6199616,90.09596929,132.6199616,12421.55356
2021/1/5,112.6679463,162.6679463,90.13435701,132.6679463,12508.33244
2021/1/6,112.7159309,162.7159309,90.17274472,132.7159309,12418.40786
2021/1/7,112.7639155,162.7639155,90.21113244,132.7639155,12716.02424
2021/1/8,112.8119002,162.8119002,90.24952015,132.8119002,12419.3659
2021/1/11,112.8598848,162.8598848,90.28790787,132.8598848,12527.97252
2021/1/12,112.9078695,162.9078695,90.32629559,132.9078695,12594.64795
2021/1/13,112.9558541,162.9558541,90.3646833,132.9558541,12735.29815
2021/1/14,113.0038388,163.0038388,90.40307102,133.0038388,12457.18154
2021/1/15,113.0518234,163.0518234,90.44145873,133.0518234,12726.68106
2021/1/18,113.0998081,163.0998081,90.47984645,133.0998081,12620.98492
2021/1/19,113.1477927,163.1477927,90.51823417,133.1477927,12531.40768
2021/1/20,113.1957774,163.1957774,90.55662188,133.1957774,12685.36582
2021/1/21,113.243762,163.243762,90.5950096,133.243762,12668.65837
2021/1/22,113.2917466,163.2917466,90.63339731,133.2917466,12598.32764
2021/1/25,113.3397313,163.3397313,90.67178503,133.3397313,12674.92647
2021/1/26,113.3877159,163.3877159,90.71017274,133.3877159,12639.01183
2021/1/27,113.4357006,163.4357006,90.74856046,133.4357006,12698.49185
2021/1/28,113.4836852,163.4836852,90.78694818,133.4836852,12762.95011
2021/1/29,113.5316699,163.5316699,90.82533589,133.5316699,12864.93565
2021/2/1,113.5796545,163.5796545,90.86372361,133.5796545,12592.14935
2021/2/2,113.6276392,163.6276392,90.90211132,133.6276392,12938.83117
2021/2/3,113.6756238,163.6756238,90.94049904,133.6756238,12539.91598
2021/2/4,113.7236084,163.7236084,90.97888676,133.7236084,12729.54318
2021/2/5,113.7715931,163.7715931,91.01727447,133.7715931,12813.15034
2021/2/8,113.8195777,163.8195777,91.05566219,133.8195777,12792.01473
2021/2/9,113.8675624,163.8675624,91.0940499,133.8675624,12711.24252
2021/2/10,113.915547,163.915547,91.13243762,133.915547,12762.29718
2021/2/11,113.9635317,163.9635317,91.17082534,133.9635317,12743.40624
2021/2/12,114.0115163,164.0115163,91.20921305,134.0115163,12743.36679
2021/2/15,114.059501,164.059501,91.24760077,134.059501,12896.8604
2021/2/16,114.1074856,164.1074856,91.28598848,134.1074856,12857.19867
2021/2/17,114.1554702,164.1554702,91.3243762,134.1554702,12761.80309
2021/2/18,114.2034549,164.2034549,91.36276392,134.2034549,12930.65097
2021/2/19,114.2514395,164.2514395,91.40115163,134.2514395,12881.01786
2021/2/22,114.2994242,164.2994242,91.43953935,134.2994242,12941.17105
2021/2/23,114.3474088,164.3474088,91.47792706,134.3474088,12932.44465
2021/2/24,114.3953935,164.3953935,91.51631478,134.3953935,12796.17919
2021/2/25,114.4433781,164.4433781,91.5547025,134.4433781,12832.65752
2021/2/26,114.4913628,164.4913628,91.59309021,134.4913628,12973.00191
2021/3/1,114.5393474,164.5393474,91.63147793,134.5393474,12968.90651
2021/3/2,114.5873321,164.5873321,91.66986564,134.5873321,12915.37625
2021/3/3,114.6353167,164.6353167,91.70825336,134.6353167,12938.79608
2021/3/4,114.6833013,164.6833013,91.74664107,134.6833013,13064.42676
2021/3/5,114.731286,164.731286,91.78502879,134.731286,12887.10006
2021/3/8,114.7792706,164.7792706,91.82341651,134.7792706,13010.56386
2021/3/9,114.8272553,164.8272553,91.86180422,134.8272553,12945.23179
2021/3/10,114.8752399,164.8752399,91.90019194,134.8752399,12953.27986
2021/3/11,114.9232246,164.9232246,91.93857965,134.9232246,13094.5226
2021/3/12,114.9712092,164.9712092,91.97696737,134.9712092,13076.78348
2021/3/15,115.0191939,165.0191939,92.01535509,135.0191939,13085.18974
2021/3/16,115.0671785,165.0671785,92.0537428,135.0671785,13143.98358
2021/3/17,115.1151631,165.1151631,92.09213052,135.1151631,13025.13301
2021/3/18,115.1631478,165.1631478,92.13051823,135.1631478,13100.82486
2021/3/19,115.2111324,165.2111324,92.16890595,135.2111324,13011.19981
2021/3/22,115.2591171,165.2591171,92.20729367,135.2591171,13084.24005
2021/3/23,115.3071017,165.3071017,92.24568138,135.3071017,13048.40604
2021/3/24,115.3550864,165.3550864,92.2840691,135.3550864,13080.71687
2021/3/25,115.403071,165.403071,92.32245681,135.403071,13140.12991
2021/3/26,115.4510557,165.4510557,92.36084453,135.4510557,13008.38906
2021/3/29,115.4990403,165.4990403,92.39923225,135.4990403,13309.04679
2021/3/30,115.547025,165.547025,92.43761996,135.547025,13008.80325
2021/3/31,115.5950096,165.5950096,92.47600768,135.5950096,12997.58306
2021/4/1,115.6429942,165.6429942,92.51439539,135.6429942,13244.40994
2021/4/2,115.6909789,165.6909789,92.55278311,135.6909789,13217.36205
2021/4/5,115.7389635,165.7389635,92.59117083,135.7389635,13210.20469
2021/4/6,115.7869482,165.7869482,92.62955854,135.7869482,13220.22419
2021/4/7,115.8349328,165.8349328,92.66794626,135.8349328,13165.76189
2021/4/8,115.8829175,165.8829175,92.70633397,135.8829175,13086.85806
2021/4/9,115.9309021,165.9309021,92.74472169,135.9309021,13193.76088
2021/4/12,115.9788868,165.9788868,92.7831094,135.9788868,13128.06118
2021/4/13,116.0268714,166.0268714,92.82149712,136.0268714,13302.88625
2021/4/14,116.074856,166.074856,92.85988484,136.074856,13200.26547
2021/4/15,116.1228407,166.1228407,92.89827255,136.1228407,13142.01842
2021/4/16,116.1708253,166.1708253,92.93666027,136.1708253,13202.02648
2021/4/19,116.21881,166.21881,92.97504798,136.21881,13285.05514
2021/4/20,116.2667946,166.2667946,93.0134357,136.2667946,13196.98647
2021/4/21,116.3147793,166.3147793,93.05182342,136.3147793,13180.73381
2021/4/22,116.3627639,166.3627639,93.09021113,136.3627639,13296.9215
2021/4/23,116.4107486,166.4107486,93.12859885,136.4107486,13306.64637
2021/4/26,116.4587332,166.4587332,93.16698656,136.4587332,13241.05232
2021/4/27,116.5067179,166.5067179,93.20537428,136.5067179,13254.23974
2021/4/28,116.5547025,166.5547025,93.243762,136.5547025,13334.14549
2021/4/29,116.6026871,166.6026871,93.28214971,136.6026871,13175.72899
2021/4/30,116.6506718,166.6506718,93.32053743,136.6506718,13189.38798
2021/5/3,116.6986564,166.6986564,93.35892514,136.6986564,13267.88686
2021/5/4,116.7466411,166.7466411,93.39731286,136.7466411,13327.9835
2021/5/5,116.7946257,166.7946257,93.43570058,136.7946257,13390.0159
2021/5/6,116.8426104,166.8426104,93.47408829,136.8426104,13516.05769
2021/5/7,116.890595,166.890595,93.51247601,136.890595,13463.88496
2021/5/10,116.9385797,166.9385797,93.55086372,136.9385797,13371.72208
2021/5/11,116.9865643,166.9865643,93.58925144,136.9865643,13395.41124
2021/5/12,117.0345489,167.0345489,93.62763916,137.0345489,13306.65685
2021/5/13,117.0825336,167.0825336,93.66602687,137.0825336,13414.6554
2021/5/14,117.1305182,167.1305182,93.70441459,137.1305182,13397.23778
2021/5/17,117.1785029,167.1785029,93.7428023,137.1785029,13467.97243
2021/5/18,117.2264875,167.2264875,93.78119002,137.2264875,13362.57441
2021/5/19,117.2744722,167.2744722,93.81957774,137.2744722,13506.82909
2021/5/20,117.3224568,167.3224568,93.85796545,137.3224568,13617.76525
2021/5/21,117.3704415,167.3704415,93.89635317,137.3704415,13463.21228
2021/5/24,117.4184261,167.4184261,93.93474088,137.4184261,13523.85639
2021/5/25,117.4664107,167.4664107,93.9731286,137.4664107,13562.29655
2021/5/26,117.5143954,167.5143954,94.01151631,137.5143954,13462.75703
2021/5/27,117.56238,167.56238,94.04990403,137.56238,13534.88526
2021/5/28,117.6103647,167.6103647,94.08829175,137.6103647,13523.33218
2021/5/31,117.6583493,167.6583493,94.12667946,137.6583493,13541.43748
2021/6/1,117.706334,167.706334,94.16506718,137.706334,13463.96582
2021/6/2,117.7543186,167.7543186,94.20345489,137.7543186,13553.31474
2021/6/3,117.8023033,167.8023033,94.24184261,137.8023033,13610.26048
2021/6/4,117.8502879,167.8502879,94.28023033,137.8502879,13715.17194
2021/6/7,117.8982726,167.8982726,94.31861804,137.8982726,13675.58159
2021/6/8,117.9462572,167.9462572,94.35700576,137.9462572,13804.56969
2021/6/9,117.9942418,167.9942418,94.39539347,137.9942418,13522.11361
2021/6/10,118.0422265,168.0422265,94.43378119,138.0422265,13695.67736
2021/6/11,118.0902111,168.0902111,94.47216891,138.0902111,13636.37643
2021/6/14,118.1381958,168.1381958,94.51055662,138.1381958,13846.61945
2021/6/15,118.1861804,168.1861804,94.54894434,138.1861804,13556.40626
2021/6/16,118.2341651,168.2341651,94.58733205,138.2341651,13562.86083
2021/6/17,118.2821497,168.2821497,94.62571977,138.2821497,13596.49068
2021/6/18,118.3301344,168.3301344,94.66410749,138.3301344,13453.6373
2021/6/21,118.378119,168.378119,94.7024952,138.378119,13623.0483
2021/6/22,118.4261036,168.4261036,94.74088292,138.4261036,13609.30746
2021/6/23,118.4740883,168.4740883,94.77927063,138.4740883,13709.85704
2021/6/24,118.5220729,168.5220729,94.81765835,138.5220729,13738.59018
2021/6/25,118.5700576,168.5700576,94.85604607,138.5700576,13901.6286
2021/6/28,118.6180422,168.6180422,94.89443378,138.6180422,13818.65083
2021/6/29,118.6660269,168.6660269,94.9328215,138.6660269,13675.51501
2021/6/30,118.7140115,168.7140115,94.97120921,138.7140115,13652.96084
2021/7/1,118.7619962,168.7619962,95.00959693,138.7619962,13801.59115
2021/7/2,118.8099808,168.8099808,95.04798464,138.8099808,13629.97284
2021/7/5,118.8579655,168.8579655,95.08637236,138.8579655,13954.73897
2021/7/6,118.9059501,168.9059501,95.12476008,138.9059501,13899.13403
2021/7/7,118.9539347,168.9539347,95.16314779,138.9539347,13743.86938
2021/7/8,119.0019194,169.0019194,95.20153551,139.0019194,13629.07042
2021/7/9,119.049904,169.049904,95.23992322,139.049904,13945.36804
2021/7/12,119.0978887,169.0978887,95.27831094,139.0978887,13808.12375
2021/7/13,119.1458733,169.1458733,95.31669866,139.1458733,13952.9563
2021/7/14,119.193858,169.193858,95.35508637,139.193858,13679.32883
2021/7/15,119.2418426,169.2418426,95.39347409,139.2418426,13788.43102
2021/7/16,119.2898273,169.2898273,95.4318618,139.2898273,13858.48982
2021/7/19,119.3378119,169.3378119,95.47024952,139.3378119,13872.26044
2021/7/20,119.3857965,169.3857965,95.50863724,139.3857965,13832.15276
2021/7/21,119.4337812,169.4337812,95.54702495,139.4337812,13949.04123
2021/7/22,119.4817658,169.4817658,95.58541267,139.4817658,13789.59112
2021/7/23,119.5297505,169.5297505,95.62380038,139.5297505,13891.71215
2021/7/26,119.5777351,169.5777351,95.6621881,139.5777351,13927.57659
2021/7/27,119.6257198,169.6257198,95.70057582,139.6257198,13976.58784
2021/7/28,119.6737044,169.6737044,95.73896353,139.6737044,14005.90237
2021/7/29,119.7216891,169.7216891,95.77735125,139.7216891,13831.8736
2021/7/30,119.7696737,169.7696737,95.81573896,139.7696737,13800.52332
2021/8/2,119.8176583,169.8176583,95.85412668,139.8176583,14091.29935
2021/8/3,119.865643,169.865643,95.8925144,139.865643,14006.36
2021/8/4,119.9136276,169.9136276,95.93090211,139.9136276,13907.87687
2021/8/5,119.9616123,169.9616123,95.96928983,139.9616123,14147.43765
2021/8/6,120.0095969,170.0095969,96.00767754,140.0095969,14013.48685
2021/8/9,120.0575816,170.0575816,96.04606526,140.0575816,14129.44603
2021/8/10,120.1055662,170.1055662,96.08445298,140.1055662,14027.86509
2021/8/11,120.1535509,170.1535509,96.12284069,140.1535509,14236.78497
2021/8/12,120.2015355,170.2015355,96.16122841,140.2015355,14215.84119
2021/8/13,120.2495202,170.2495202,96.19961612,140.2495202,14025.00762
2021/8/16,120.2975048,170.2975048,96.23800384,140.2975048,14156.65805
2021/8/17,120.3454894,170.3454894,96.27639155,140.3454894,14133.63548
2021/8/18,120.3934741,170.3934741,96.31477927,140.3934741,14215.55797
2021/8/19,120.4414587,170.4414587,96.35316699,140.4414587,13991.7994
2021/8/20,120.4894434,170.4894434,96.3915547,140.4894434,14166.49382
2021/8/23,120.537428,170.537428,96.42994242,140.537428,14213.32805
2021/8/24,120.5854127,170.5854127,96.46833013,140.5854127,13941.20858
2021/8/25,120.6333973,170.6333973,96.50671785,140.6333973,14008.35361
2021/8/26,120.681382,170.681382,96.54510557,140.681382,13932.35317
2021/8/27,120.7293666,170.7293666,96.58349328,140.7293666,14118.93264
2021/8/30,120.7773512,170.7773512,96.621881,140.7773512,14227.22448
2021/8/31,120.8253359,170.8253359,96.66026871,140.8253359,14315.30288
2021/9/1,120.8733205,170.8733205,96.69865643,140.8733205,14182.07359
2021/9/2,120.9213052,170.9213052,96.73704415,140.9213052,14347.12259
2021/9/3,120.9692898,170.9692898,96.77543186,140.9692898,14055.84782
2021/9/6,121.0172745,171.0172745,96.81381958,141.0172745,14033.11665
2021/9/7,121.0652591,171.0652591,96.85220729,141.0652591,14207.49705
2021/9/8,121.1132438,171.1132438,96.89059501,141.1132438,14261.0553
2021/9/9,121.1612284,171.1612284,96.92898273,141.1612284,14228.97621
2021/9/10,121.2092131,171.2092131,96.96737044,141.2092131,14035.0984
2021/9/13,121.2571977,171.2571977,97.00575816,141.2571977,14242.52754
2021/9/14,121.3051823,171.3051823,97.04414587,141.3051823,14130.58952
2021/9/15,121.353167,171.353167,97.08253359,141.353167,14337.60065
2021/9/16,121.4011516,171.4011516,97.12092131,141.4011516,14316.89015
2021/9/17,121.4491363,171.4491363,97.15930902,141.4491363,14195.83928
2021/9/20,121.4971209,171.4971209,97.19769674,141.4971209,14248.03749
2021/9/21,121.5451056,171.5451056,97.23608445,141.5451056,14203.09976
2021/9/22,121.5930902,171.5930902,97.27447217,141.5930902,14312.35013
2021/9/23,121.6410749,171.6410749,97.31285988,141.6410749,14423.7292
2021/9/24,121.6890595,171.6890595,97.3512476,141.6890595,14239.2393
2021/9/27,121.7370441,171.7370441,97.38963532,141.7370441,14397.81348
2021/9/28,121.7850288,171.7850288,97.42802303,141.7850288,14303.98
2021/9/29,121.8330134,171.8330134,97.46641075,141.8330134,14287.3154
2021/9/30,121.8809981,171.8809981,97.50479846,141.8809981,14365.49658
2021/10/1,121.9289827,171.9289827,97.54318618,141.9289827,14282.27231
2021/10/4,121.9769674,171.9769674,97.5815739,141.9769674,14340.02854
2021/10/5,122.024952,172.024952,97.61996161,142.024952,14285.20261
2021/10/6,122.0729367,172.0729367,97.65834933,142.0729367,14611.05985
2021/10/7,122.1209213,172.1209213,97.69673704,142.1209213,14427.71062
2021/10/8,122.168906,172.168906,97.73512476,142.168906,14363.80864
2021/10/11,122.2168906,172.2168906,97.77351248,142.2168906,14464.77611
2021/10/12,122.2648752,172.2648752,97.81190019,142.2648752,14441.74224
2021/10/13,122.3128599,172.3128599,97.85028791,142.3128599,14440.47502
2021/10/14,122.3608445,172.3608445,97.88867562,142.3608445,14533.58558
2021/10/15,122.4088292,172.4088292,97.92706334,142.4088292,14557.51661
2021/10/18,122.4568138,172.4568138,97.96545106,142.4568138,14438.31265
2021/10/19,122.5047985,172.5047985,98.00383877,142.5047985,14443.37787
2021/10/20,122.5527831,172.5527831,98.04222649,142.5527831,14483.05145
2021/10/21,122.6007678,172.6007678,98.0806142,142.6007678,14289.96143
2021/10/22,122.6487524,172.6487524,98.11900192,142.6487524,14378.23137
2021/10/25,122.696737,172.696737,98.15738964,142.696737,14676.03484
2021/10/26,122.7447217,172.7447217,98.19577735,142.7447217,14713.44111
2021/10/27,122.7927063,172.7927063,98.23416507,142.7927063,14533.63766
2021/10/28,122.840691,172.840691,98.27255278,142.840691,14625.79389
2021/10/29,122.8886756,172.8886756,98.3109405,142.8886756,14608.86014
2021/11/1,122.9366603,172.9366603,98.34932821,142.9366603,14895.22013
2021/11/2,122.9846449,172.9846449,98.38771593,142.9846449,14708.88647
2021/11/3,123.0326296,173.0326296,98.42610365,143.0326296,14593.73415
2021/11/4,123.0806142,173.0806142,98.46449136,143.0806142,14520.5688
2021/11/5,123.1285988,173.1285988,98.50287908,143.1285988,14465.07514
2021/11/8,123.1765835,173.1765835,98.54126679,143.1765835,14655.66306
2021/11/9,123.2245681,173.2245681,98.57965451,143.2245681,14569.27855
2021/11/10,123.2725528,173.2725528,98.61804223,143.2725528,14512.28519
2021/11/11,123.3205374,173.3205374,98.65642994,143.3205374,14599.4502
2021/11/12,123.3685221,173.3685221,98.69481766,143.3685221,14565.54961
2021/11/15,123.4165067,173.4165067,98.73320537,143.4165067,14852.01551
2021/11/16,123.4644914,173.4644914,98.77159309,143.4644914,14781.06225
2021/11/17,123.512476,173.512476,98.80998081,143.512476,14701.69794
2021/11/18,123.5604607,173.5604607,98.84836852,143.5604607,14860.08654
2021/11/19,123.6084453,173.6084453,98.88675624,143.6084453,14729.42589
2021/11/22,123.6564299,173.6564299,98.92514395,143.6564299,14645.15757
2021/11/23,123.7044146,173.7044146,98.96353167,143.7044146,14893.19533
2021/11/24,123.7523992,173.7523992,99.00191939,143.7523992,14804.37085
2021/11/25,123.8003839,173.8003839,99.0403071,143.8003839,14656.35216
2021/11/26,123.8483685,173.8483685,99.07869482,143.8483685,14750.63984
2021/11/29,123.8963532,173.8963532,99.11708253,143.8963532,14691.70881
2021/11/30,123.9443378,173.9443378,99.15547025,143.9443378,14650.58759
2021/12/1,123.9923225,173.9923225,99.19385797,143.9923225,14891.08225
2021/12/2,124.0403071,174.0403071,99.23224568,144.0403071,14999.00308
2021/12/3,124.0882917,174.0882917,99.2706334,144.0882917,14677.80159
2021/12/6,124.1362764,174.1362764,99.30902111,144.1362764,14883.5522
2021/12/7,124.184261,174.184261,99.34740883,144.184261,14771.78795
2021/12/8,124.2322457,174.2322457,99.38579655,144.2322457,14797.7366
2021/12/9,124.2802303,174.2802303,99.42418426,144.2802303,14796.80667
2021/12/10,124.328215,174.328215,99.46257198,144.328215,14779.24392
2021/12/13,124.3761996,174.3761996,99.50095969,144.3761996,14880.09209
2021/12/14,124.4241843,174.4241843,99.53934741,144.4241843,14801.74184
2021/12/15,124.4721689,174.4721689,99.57773512,144.4721689,14921.47946
2021/12/16,124.5201536,174.5201536,99.61612284,144.5201536,14899.0069
2021/12/17,124.5681382,174.5681382,99.65451056,144.5681382,14889.73283
2021/12/20,124.6161228,174.6161228,99.69289827,144.6161228,14832.4682
2021/12/21,124.6641075,174.6641075,99.73128599,144.6641075,14875.14436
2021/12/22,124.7120921,174.7120921,99.7696737,144.7120921,15017.95755
2021/12/23,124.7600768,174.7600768,99.80806142,144.7600768,15002.10707
2021/12/24,124.8080614,174.8080614,99.84644914,144.8080614,14863.85676
2021/12/27,124.8560461,174.8560461,99.88483685,144.8560461,14981.14244
2021/12/28,124.9040307,174.9040307,99.92322457,144.9040307,15055.94485
2021/12/29,124.9520154,174.9520154,99.96161228,144.9520154,14823.46254
2021/12/30,125,175,100,145,15054.33602
2021/12/31,125.0479846,175.0479846,100.0383877,145.0479846,14943.33455
2022/1/3,125.0959693,175.0959693,100.0767754,145.0959693,15076.25372
2022/1/4,125.1439539,175.1439539,100.1151631,145.1439539,14952.46487
2022/1/5,125.1919386,175.1919386,100.1535509,145.1919386,14857.89951
2022/1/6,125.2399232,175.2399232,100.1919386,145.2399232,14885.2304
2022/1/7,125.2879079,175.2879079,100.2303263,145.2879079,15062.39007
2022/1/10,125.3358925,175.3358925,100.268714,145.3358925,15093.15075
2022/1/11,125.3838772,175.3838772,100.3071017,145.3838772,14986.34377
2022/1/12,125.4318618,175.4318618,100.3454894,145.4318618,15150.23161
2022/1/13,125.4798464,175.4798464,100.3838772,145.4798464,14929.81728
2022/1/14,125.5278311,175.5278311,100.4222649,145.5278311,15098.95824
2022/1/17,125.5758157,175.5758157,100.4606526,145.5758157,14994.06153
2022/1/18,125.6238004,175.6238004,100.4990403,145.6238004,15059.57647
2022/1/19,125.671785,175.671785,100.537428,145.671785,15139.09687
2022/1/20,125.7197697,175.7197697,100.5758157,145.7197697,15057.9126
2022/1/21,125.7677543,175.7677543,100.6142035,145.7677543,15115.09531
2022/1/24,125.815739,175.815739,100.6525912,145.815739,15263.77707
2022/1/25,125.8637236,175.8637236,100.6909789,145.8637236,15115.05553
2022/1/26,125.9117083,175.9117083,100.7293666,145.9117083,15265.91086
2022/1/27,125.9596929,175.9596929,100.7677543,145.9596929,15078.96789
2022/1/28,126.0076775,176.0076775,100.806142,146.0076775,15254.51593
2022/1/31,126.0556622,176.0556622,100.8445298,146.0556622,15355.2893
2022/2/1,126.1036468,176.1036468,100.8829175,146.1036468,14973.56492
2022/2/2,126.1516315,176.1516315,100.9213052,146.1516315,15150.63677
2022/2/3,126.1996161,176.1996161,100.9596929,146.1996161,15297.63044
2022/2/4,126.2476008,176.2476008,100.9980806,146.2476008,15229.21561
2022/2/7,126.2955854,176.2955854,101.0364683,146.2955854,15296.23167
2022/2/8,126.3435701,176.3435701,101.074856,146.3435701,15208.31549
2022/2/9,126.3915547,176.3915547,101.1132438,146.3915547,15286.96992
2022/2/10,126.4395393,176.4395393,101.1516315,146.4395393,15272.34015
2022/2/11,126.487524,176.487524,101.1900192,146.487524,15414.283
2022/2/14,126.5355086,176.5355086,101.2284069,146.5355086,15332.54381
2022/2/15,126.5834933,176.5834933,101.2667946,146.5834933,15350.45892
2022/2/16,126.6314779,176.6314779,101.3051823,146.6314779,15285.10789
2022/2/17,126.6794626,176.6794626,101.3435701,146.6794626,15287.13189
2022/2/18,126.7274472,176.7274472,101.3819578,146.7274472,15302.23362
2022/2/21,126.7754319,176.7754319,101.4203455,146.7754319,15394.53159
2022/2/22,126.8234165,176.8234165,101.4587332,146.8234165,15322.58485
2022/2/23,126.8714012,176.8714012,101.4971209,146.8714012,15403.25772
2022/2/24,126.9193858,176.9193858,101.5355086,146.9193858,15591.41724
2022/2/25,126.9673704,176.9673704,101.5738964,146.9673704,15480.58656
2022/2/28,127.0153551,177.0153551,101.6122841,147.0153551,15370.46866
2022/3/1,127.0633397,177.0633397,101.6506718,147.0633397,15532.78934
2022/3/2,127.1113244,177.1113244,101.6890595,147.1113244,15381.45734
2022/3/3,127.159309,177.159309,101.7274472,147.159309,15228.04935
2022/3/4,127.2072937,177.2072937,101.7658349,147.2072937,15340.6501
2022/3/7,127.2552783,177.2552783,101.8042226,147.2552783,15263.97647
2022/3/8,127.303263,177.303263,101.8426104,147.303263,15425.50124
2022/3/9,127.3512476,177.3512476,101.8809981,147.3512476,15472.09136
2022/3/10,127.3992322,177.3992322,101.9193858,147.3992322,15647.49018
2022/3/11,127.4472169,177.4472169,101.9577735,147.4472169,15522.13612
2022/3/14,127.4952015,177.4952015,101.9961612,147.4952015,15477.13025
2022/3/15,127.5431862,177.5431862,102.0345489,147.5431862,15591.57779
2022/3/16,127.5911708,177.5911708,102.0729367,147.5911708,15297.12063
2022/3/17,127.6391555,177.6391555,102.1113244,147.6391555,15551.39255
2022/3/18,127.6871401,177.6871401,102.1497121,147.6871401,15614.51454
2022/3/21,127.7351248,177.7351248,102.1880998,147.7351248,15399.16633
2022/3/22,127.7831094,177.7831094,102.2264875,147.7831094,15670.99729
2022/3/23,127.831094,177.831094,102.2648752,147.831094,15600.06845
2022/3/24,127.8790787,177.8790787,102.303263,147.8790787,15534.28695
2022/3/25,127.9270633,177.9270633,102.3416507,147.9270633,15648.69085
2022/3/28,127.975048,177.975048,102.3800384,147.975048,15822.07888
2022/3/29,128.0230326,178.0230326,102.4184261,148.0230326,15622.79315
2022/3/30,128.0710173,178.0710173,102.4568138,148.0710173,15639.02551
2022/3/31,128.1190019,178.1190019,102.4952015,148.1190019,15577.86429
2022/4/1,128.1669866,178.1669866,102.5335893,148.1669866,15548.41288
2022/4/4,128.2149712,178.2149712,102.571977,148.2149712,15726.02782
2022/4/5,128.2629559,178.2629559,102.6103647,148.2629559,15566.98279
2022/4/6,128.3109405,178.3109405,102.6487524,148.3109405,15669.34472
2022/4/7,128.3589251,178.3589251,102.6871401,148.3589251,15624.01928
2022/4/8,128.4069098,178.4069098,102.7255278,148.4069098,15729.27994
2022/4/11,128.4548944,178.4548944,102.7639155,148.4548944,15724.3451
2022/4/12,128.5028791,178.5028791,102.8023033,148.5028791,15804.32981
2022/4/13,128.5508637,178.5508637,102.840691,148.5508637,15659.1711
2022/4/14,128.5988484,178.5988484,102.8790787,148.5988484,15692.78218
2022/4/15,128.646833,178.646833,102.9174664,148.646833,15631.49023
2022/4/18,128.6948177,178.6948177,102.9558541,148.6948177,15694.53421
2022/4/19,128.7428023,178.7428023,102.9942418,148.7428023,15786.29051
2022/4/20,128.7907869,178.7907869,103.0326296,148.7907869,15833.85625
2022/4/21,128.8387716,178.8387716,103.0710173,148.8387716,15675.53779
2022/4/22,128.8867562,178.8867562,103.109405,148.8867562,15864.31184
2022/4/25,128.9347409,178.9347409,103.1477927,148.9347409,15922.51196
2022/4/26,128.9827255,178.9827255,103.1861804,148.9827255,15837.8886
2022/4/27,129.0307102,179.0307102,103.2245681,149.0307102,15993.82162
2022/4/28,129.0786948,179.0786948,103.2629559,149.0786948,15738.36004
2022/4/29,129.1266795,179.1266795,103.3013436,149.1266795,15700.87042
2022/5/2,129.1746641,179.1746641,103.3397313,149.1746641,15657.0608
2022/5/3,129.2226488,179.2226488,103.378119,149.2226488,15994.13418
2022/5/4,129.2706334,179.2706334,103.4165067,149.2706334,15919.56325
2022/5/5,129.318618,179.318618,103.4548944,149.318618,15858.16514
2022/5/6,129.3666027,179.3666027,103.4932821,149.3666027,15901.3174
2022/5/9,129.4145873,179.4145873,103.5316699,149.4145873,15770.36856
2022/5/10,129.462572,179.462572,103.5700576,149.462572,16137.08959
2022/5/11,129.5105566,179.5105566,103.6084453,149.5105566,15915.03344
2022/5/12,129.5585413,179.5585413,103.646833,149.5585413,15922.64773
2022/5/13,129.6065259,179.6065259,103.6852207,149.6065259,15993.88184
2022/5/16,129.6545106,179.6545106,103.7236084,149.6545106,15979.00303
2022/5/17,129.7024952,179.7024952,103.7619962,149.7024952,15962.88744
2022/5/18,129.7504798,179.7504798,103.8003839,149.7504798,15871.04852
2022/5/19,129.7984645,179.7984645,103.8387716,149.7984645,16006.83973
2022/5/20,129.8464491,179.8464491,103.8771593,149.8464491,16157.49228
2022/5/23,129.8944338,179.8944338,103.915547,149.8944338,16113.42876
2022/5/24,129.9424184,179.9424184,103.9539347,149.9424184,16147.80235
2022/5/25,129.9904031,179.9904031,103.9923225,149.9904031,15946.95905
2022/5/26,130.0383877,180.0383877,104.0307102,150.0383877,15908.71706
2022/5/27,130.0863724,180.0863724,104.0690979,150.0863724,16004.69578
2022/5/30,130.134357,180.134357,104.1074856,150.134357,16032.44389
2022/5/31,130.1823417,180.1823417,104.1458733,150.1823417,16145.88748
2022/6/1,130.2303263,180.2303263,104.184261,150.2303263,15876.8188
2022/6/2,130.2783109,180.2783109,104.2226488,150.2783109,16208.61722
2022/6/3,130.3262956,180.3262956,104.2610365,150.3262956,16049.45833
2022/6/6,130.3742802,180.3742802,104.2994242,150.3742802,16032.16794
2022/6/7,130.4222649,180.4222649,104.3378119,150.4222649,15983.24254
2022/6/8,130.4702495,180.4702495,104.3761996,150.4702495,15928.56424
2022/6/9,130.5182342,180.5182342,104.4145873,150.5182342,16185.96389
2022/6/10,130.5662188,180.5662188,104.452975,150.5662188,16120.57556
2022/6/13,130.6142035,180.6142035,104.4913628,150.6142035,15993.8446
2022/6/14,130.6621881,180.6621881,104.5297505,150.6621881,16002.92974
2022/6/15,130.7101727,180.7101727,104.5681382,150.7101727,16108.45608
2022/6/16,130.7581574,180.7581574,104.6065259,150.7581574,16318.53363
2022/6/17,130.806142,180.806142,104.6449136,150.806142,16135.26927
2022/6/20,130.8541267,180.8541267,104.6833013,150.8541267,16020.51104
2022/6/21,130.9021113,180.9021113,104.7216891,150.9021113,16155.84796
2022/6/22,130.950096,180.950096,104.7600768,150.950096,16162.74684
2022/6/23,130.9980806,180.9980806,104.7984645,150.9980806,15929.92746
2022/6/24,131.0460653,181.0460653,104.8368522,151.0460653,16203.78357
2022/6/27,131.0940499,181.0940499,104.8752399,151.0940499,16195.71653
2022/6/28,131.1420345,181.1420345,104.9136276,151.1420345,16298.02755
2022/6/29,131.1900192,181.1900192,104.9520154,151.1900192,16422.89945
2022/6/30,131.2380038,181.2380038,104.9904031,151.2380038,16360.25727
2022/7/1,131.2859885,181.2859885,105.0287908,151.2859885,16230.30883
2022/7/4,131.3339731,181.3339731,105.0671785,151.3339731,16156.14203
2022/7/5,131.3819578,181.3819578,105.1055662,151.3819578,16533.72754
2022/7/6,131.4299424,181.4299424,105.1439539,151.4299424,16291.91033
2022/7/7,131.4779271,181.4779271,105.1823417,151.4779271,16296.97834
2022/7/8,131.5259117,181.5259117,105.2207294,151.5259117,16302.76983
2022/7/11,131.5738964,181.5738964,105.2591171,151.5738964,16334.58775
2022/7/12,131.621881,181.621881,105.2975048,151.621881,16309.94016
2022/7/13,131.6698656,181.6698656,105.3358925,151.6698656,16276.60693
2022/7/14,131.7178503,181.7178503,105.3742802,151.7178503,16288.88416
2022/7/15,131.7658349,181.7658349,105.4126679,151.7658349,16349.89166
2022/7/18,131.8138196,181.8138196,105.4510557,151.8138196,16308.42144
2022/7/19,131.8618042,181.8618042,105.4894434,151.8618042,16301.07627
2022/7/20,131.9097889,181.9097889,105.5278311,151.9097889,16392.6008
2022/7/21,131.9577735,181.9577735,105.5662188,151.9577735,16366.05698
2022/7/22,132.0057582,182.0057582,105.6046065,152.0057582,16551.55093
2022/7/25,132.0537428,182.0537428,105.6429942,152.0537428,16145.65158
2022/7/26,132.1017274,182.1017274,105.681382,152.1017274,16529.49617
2022/7/27,132.1497121,182.1497121,105.7197697,152.1497121,16554.55094
2022/7/28,132.1976967,182.1976967,105.7581574,152.1976967,16232.20032
2022/7/29,132.2456814,182.2456814,105.7965451,152.2456814,16414.86752
2022/8/1,132.293666,182.293666,105.8349328,152.293666,16421.58912
2022/8/2,132.3416507,182.3416507,105.8733205,152.3416507,16327.57896
2022/8/3,132.3896353,182.3896353,105.9117083,152.3896353,16400.14539
2022/8/4,132.43762,182.43762,105.950096,152.43762,16376.46641
2022/8/5,132.4856046,182.4856046,105.9884837,152.4856046,16672.34797
2022/8/8,132.5335893,182.5335893,106.0268714,152.5335893,16600.28569
2022/8/9,132.5815739,182.5815739,106.0652591,152.5815739,16643.47029
2022/8/10,132.6295585,182.6295585,106.1036468,152.6295585,16598.07891
2022/8/11,132.6775432,182.6775432,106.1420345,152.6775432,16422.60346
2022/8/12,132.7255278,182.7255278,106.1804223,152.7255278,16492.65354
2022/8/15,132.7735125,182.7735125,106.21881,152.7735125,16603.63995
2022/8/16,132.8214971,182.8214971,106.2571977,152.8214971,16442.08664
2022/8/17,132.8694818,182.8694818,106.2955854,152.8694818,16645.1962
2022/8/18,132.9174664,182.9174664,106.3339731,152.9174664,16559.46074
2022/8/19,132.9654511,182.9654511,106.3723608,152.9654511,16555.60813
2022/8/22,133.0134357,183.0134357,106.4107486,153.0134357,16673.78314
2022/8/23,133.0614203,183.0614203,106.4491363,153.0614203,16656.7104
2022/8/24,133.109405,183.109405,106.487524,153.109405,16585.78438
2022/8/25,133.1573896,183.1573896,106.5259117,153.1573896,16747.41091
2022/8/26,133.2053743,183.2053743,106.5642994,153.2053743,16532.96852
2022/8/29,133.2533589,183.2533589,106.6026871,153.2533589,16712.26535
2022/8/30,133.3013436,183.3013436,106.6410749,153.3013436,16719.57884
2022/8/31,133.3493282,183.3493282,106.6794626,153.3493282,16638.911
2022/9/1,133.3973129,183.3973129,106.7178503,153.3973129,16712.07587
2022/9/2,133.4452975,183.4452975,106.756238,153.4452975,16563.94814
2022/9/5,133.4932821,183.4932821,106.7946257,153.4932821,16791.05913
2022/9/6,133.5412668,183.5412668,106.8330134,153.5412668,16689.76315
2022/9/7,133.5892514,183.5892514,106.8714012,153.5892514,16665.57799
2022/9/8,133.6372361,183.6372361,106.9097889,153.6372361,16832.34814
2022/9/9,133.6852207,183.6852207,106.9481766,153.6852207,16666.60978
2022/9/12,133.7332054,183.7332054,106.9865643,153.7332054,16605.79495
2022/9/13,133.78119,183.78119,107.024952,153.78119,16600.57509
2022/9/14,133.8291747,183.8291747,107.0633397,153.8291747,16826.43593
2022/9/15,133.8771593,183.8771593,107.1017274,153.8771593,16647.38893
2022/9/16,133.925144,183.925144,107.1401152,153.925144,16960.50821
2022/9/19,133.9731286,183.9731286,107.1785029,153.9731286,16586.43278
2022/9/20,134.0211132,184.0211132,107.2168906,154.0211132,16973.86829
2022/9/21,134.0690979,184.0690979,107.2552783,154.0690979,16834.92132
2022/9/22,134.1170825,184.1170825,107.293666,154.1170825,16813.7452
2022/9/23,134.1650672,184.1650672,107.3320537,154.1650672,16778.52153
2022/9/26,134.2130518,184.2130518,107.3704415,154.2130518,16882.52398
2022/9/27,134.2610365,184.2610365,107.4088292,154.2610365,16848.44382
2022/9/28,134.3090211,184.3090211,107.4472169,154.3090211,16972.13441
2022/9/29,134.3570058,184.3570058,107.4856046,154.3570058,16882.82392
2022/9/30,134.4049904,184.4049904,107.5239923,154.4049904,16896.02826
2022/10/3,134.452975,184.452975,107.56238,154.452975,16854.23379
2022/10/4,134.5009597,184.5009597,107.6007678,154.5009597,16894.49738
2022/10/5,134.5489443,184.5489443,107.6391555,154.5489443,16940.56904
2022/10/6,134.596929,184.596929,107.6775432,154.596929,16748.36896
2022/10/7,134.6449136,184.6449136,107.7159309,154.6449136,16794.16418
2022/10/10,134.6928983,184.6928983,107.7543186,154.6928983,17012.90606
2022/10/11,134.7408829,184.7408829,107.7927063,154.7408829,16965.26313
2022/10/12,134.7888676,184.7888676,107.831094,154.7888676,16939.37518
2022/10/13,134.8368522,184.8368522,107.8694818,154.8368522,16969.21383
2022/10/14,134.8848369,184.8848369,107.9078695,154.8848369,17011.72554
2022/10/17,134.9328215,184.9328215,107.9462572,154.9328215,16932.58833
2022/10/18,134.9808061,184.9808061,107.9846449,154.9808061,16918.33076
2022/10/19,135.0287908,185.0287908,108.0230326,155.0287908,17025.34268
2022/10/20,135.0767754,185.0767754,108.0614203,155.0767754,16917.51781
2022/10/21,135.1247601,185.1247601,108.0998081,155.1247601,17065.77729
2022/10/24,135.1727447,185.1727447,108.1381958,155.1727447,16864.29058
2022/10/25,135.2207294,185.2207294,108.1765835,155.2207294,17147.06144
2022/10/26,135.268714,185.268714,108.2149712,155.268714,17101.00255
2022/10/27,135.3166987,185.3166987,108.2533589,155.3166987,17088.9427
2022/10/28,135.3646833,185.3646833,108.2917466,155.3646833,17171.20576
2022/10/31,135.4126679,185.4126679,108.3301344,155.4126679,17249.08103
2022/11/1,135.4606526,185.4606526,108.3685221,155.4606526,17193.56752
2022/11/2,135.5086372,185.5086372,108.4069098,155.5086372,16917.64002
2022/11/3,135.5566219,185.5566219,108.4452975,155.5566219,16983.36668
2022/11/4,135.6046065,185.6046065,108.4836852,155.6046065,17058.43945
2022/11/7,135.6525912,185.6525912,108.5220729,155.6525912,17133.12734
2022/11/8,135.7005758,185.7005758,108.5604607,155.7005758,17191.88107
2022/11/9,135.7485605,185.7485605,108.5988484,155.7485605,17077.13771
2022/11/10,135.7965451,185.7965451,108.6372361,155.7965451,17177.9857
2022/11/11,135.8445298,185.8445298,108.6756238,155.8445298,17093.36766
2022/11/14,135.8925144,185.8925144,108.7140115,155.8925144,17117.3511
2022/11/15,135.940499,185.940499,108.7523992,155.940499,17047.4337
2022/11/16,135.9884837,185.9884837,108.7907869,155.9884837,17105.37341
2022/11/17,136.0364683,186.0364683,108.8291747,156.0364683,17072.12521
2022/11/18,136.084453,186.084453,108.8675624,156.084453,17119.30327
2022/11/21,136.1324376,186.1324376,108.9059501,156.1324376,17331.8517
2022/11/22,136.1804223,186.1804223,108.9443378,156.1804223,17141.14456
2022/11/23,136.2284069,186.2284069,108.9827255,156.2284069,17508.91959
2022/11/24,136.2763916,186.2763916,109.0211132,156.2763916,17304.6101
2022/11/25,136.3243762,186.3243762,109.059501,156.3243762,17283.35885
2022/11/28,136.3723608,186.3723608,109.0978887,156.3723608,17188.63639
2022/11/29,136.4203455,186.4203455,109.1362764,156.4203455,17354.10009
2022/11/30,136.4683301,186.4683301,109.1746641,156.4683301,17236.10224
2022/12/1,136.5163148,186.5163148,109.2130518,156.5163148,17315.46394
2022/12/2,136.5642994,186.5642994,109.2514395,156.5642994,17568.86834
2022/12/5,136.6122841,186.6122841,109.2898273,156.6122841,17312.85082
2022/12/6,136.6602687,186.6602687,109.328215,156.6602687,17446.98108
2022/12/7,136.7082534,186.7082534,109.3666027,156.7082534,17271.33303
2022/12/8,136.756238,186.756238,109.4049904,156.756238,17347.74875
2022/12/9,136.8042226,186.8042226,109.4433781,156.8042226,17537.92459
2022/12/12,136.8522073,186.8522073,109.4817658,156.8522073,17307.74475
2022/12/13,136.9001919,186.9001919,109.5201536,156.9001919,17561.28324
2022/12/14,136.9481766,186.9481766,109.5585413,156.9481766,17460.41051
2022/12/15,136.9961612,186.9961612,109.596929,156.9961612,17342.98557
2022/12/16,137.0441459,187.0441459,109.6353167,157.0441459,17472.06995
2022/12/19,137.0921305,187.0921305,109.6737044,157.0921305,17515.68155
2022/12/20,137.1401152,187.1401152,109.7120921,157.1401152,17490.20403
2022/12/21,137.1880998,187.1880998,109.7504798,157.1880998,17280.59749
2022/12/22,137.2360845,187.2360845,109.7888676,157.2360845,17374.50317
2022/12/23,137.2840691,187.2840691,109.8272553,157.2840691,17432.06196
2022/12/26,137.3320537,187.3320537,109.865643,157.3320537,17458.96741
2022/12/27,137.3800384,187.3800384,109.9040307,157.3800384,17538.07489
2022/12/28,137.428023,187.428023,109.9424184,157.428023,17503.37471
2022/12/29,137.4760077,187.4760077,109.9808061,157.4760077,17361.6671
2022/12/30,137.5239923,187.5239923,110.0191939,157.5239923,17542.81825
2023/1/2,137.571977,187.571977,110.0575816,157.571977,17575.45397
2023/1/3,137.6199616,187.6199616,110.0959693,157.6199616,17579.97137
2023/1/4,137.6679463,187.6679463,110.134357,157.6679463,17641.66732
2023/1/5,137.7159309,187.7159309,110.1727447,157.7159309,17626.5784
2023/1/6,137.7639155,187.7639155,110.2111324,157.7639155,17598.70112
2023/1/9,137.8119002,187.8119002,110.2495202,157.8119002,17555.36347
2023/1/10,137.8598848,187.8598848,110.2879079,157.8598848,17405.88087
2023/1/11,137.9078695,187.9078695,110.3262956,157.9078695,17624.53572
2023/1/12,137.9558541,187.9558541,110.3646833,157.9558541,17611.93959
2023/1/13,138.0038388,188.0038388,110.403071,158.0038388,17627.92564
2023/1/16,138.0518234,188.0518234,110.4414587,158.0518234,17482.68983
2023/1/17,138.0998081,188.0998081,110.4798464,158.0998081,17511.85596
2023/1/18,138.1477927,188.1477927,110.5182342,158.1477927,17734.87383
2023/1/19,138.1957774,188.1957774,110.5566219,158.1957774,17635.19995
2023/1/20,138.243762,188.243762,110.5950096,158.243762,17716.90247
2023/1/23,138.2917466,188.2917466,110.6333973,158.2917466,17661.18117
2023/1/24,138.3397313,188.3397313,110.671785,158.3397313,17670.92187
2023/1/25,138.3877159,188.3877159,110.7101727,158.3877159,17771.37157
2023/1/26,138.4357006,188.4357006,110.7485605,158.4357006,17635.53564
2023/1/27,138.4836852,188.4836852,110.7869482,158.4836852,17706.34912
2023/1/30,138.5316699,188.5316699,110.8253359,158.5316699,17660.10644
2023/1/31,138.5796545,188.5796545,110.8637236,158.5796545,17672.48128
2023/2/1,138.6276392,188.6276392,110.9021113,158.6276392,17694.61062
2023/2/2,138.6756238,188.6756238,110.940499,158.6756238,17757.33814
2023/2/3,138.7236084,188.7236084,110.9788868,158.7236084,17696.84683
2023/2/6,138.7715931,188.7715931,111.0172745,158.7715931,17879.89423
2023/2/7,138.8195777,188.8195777,111.0556622,158.8195777,17674.45482
2023/2/8,138.8675624,188.8675624,111.0940499,158.8675624,17754.82531
2023/2/9,138.915547,188.915547,111.1324376,158.915547,17739.1363
2023/2/10,138.9635317,188.9635317,111.1708253,158.9635317,17937.40412
2023/2/13,139.0115163,189.0115163,111.2092131,159.0115163,17821.95874
2023/2/14,139.059501,189.059501,111.2476008,159.059501,17915.08465
2023/2/15,139.1074856,189.1074856,111.2859885,159.1074856,17672.94108
2023/2/16,139.1554702,189.1554702,111.3243762,159.1554702,17857.79908
2023/2/17,139.2034549,189.2034549,111.3627639,159.2034549,17929.65406
2023/2/20,139.2514395,189.2514395,111.4011516,159.2514395,17858.51631
2023/2/21,139.2994242,189.2994242,111.4395393,159.2994242,17966.43287
2023/2/22,139.3474088,189.3474088,111.4779271,159.3474088,17817.75292
2023/2/23,139.3953935,189.3953935,111.5163148,159.3953935,18020.01344
2023/2/24,139.4433781,189.4433781,111.5547025,159.4433781,18118.56544
2023/2/27,139.4913628,189.4913628,111.5930902,159.4913628,17861.9887
2023/2/28,139.5393474,189.5393474,111.6314779,159.5393474,17863.31923
2023/3/1,139.5873321,189.5873321,111.6698656,159.5873321,18062.80486
2023/3/2,139.6353167,189.6353167,111.7082534,159.6353167,18085.02055
2023/3/3,139.6833013,189.6833013,111.7466411,159.6833013,17884.37427
2023/3/6,139.731286,189.731286,111.7850288,159.731286,17904.23852
2023/3/7,139.7792706,189.7792706,111.8234165,159.7792706,17927.67567
2023/3/8,139.8272553,189.8272553,111.8618042,159.8272553,17831.006
2023/3/9,139.8752399,189.8752399,111.9001919,159.8752399,17883.18279
2023/3/10,139.9232246,189.9232246,111.9385797,159.9232246,17884.23084
2023/3/13,139.9712092,189.9712092,111.9769674,159.9712092,17917.46209
2023/3/14,140.0191939,190.0191939,112.0153551,160.0191939,18000.37028
2023/3/15,140.0671785,190.0671785,112.0537428,160.0671785,18036.85717
2023/3/16,140.1151631,190.1151631,112.0921305,160.1151631,18178.08268
2023/3/17,140.1631478,190.1631478,112.1305182,160.1631478,17932.79415
2023/3/20,140.2111324,190.2111324,112.168906,160.2111324,18140.65873
2023/3/21,140.2591171,190.2591171,112.2072937,160.2591171,18030.42453
2023/3/22,140.3071017,190.3071017,112.2456814,160.3071017,18056.47397
2023/3/23,140.3550864,190.3550864,112.2840691,160.3550864,18138.49922
2023/3/24,140.403071,190.403071,112.3224568,160.403071,17968.342
2023/3/27,140.4510557,190.4510557,112.3608445,160.4510557,18128.45211
2023/3/28,140.4990403,190.4990403,112.3992322,160.4990403,18116.45328
2023/3/29,140.547025,190.547025,112.43762,160.547025,18158.65012
2023/3/30,140.5950096,190.5950096,112.4760077,160.5950096,18147.91878
2023/3/31,140.6429942,190.6429942,112.5143954,160.6429942,18374.12886
2023/4/3,140.6909789,190.6909789,112.5527831,160.6909789,18074.42178
2023/4/4,140.7389635,190.7389635,112.5911708,160.7389635,18094.69301
2023/4/5,140.7869482,190.7869482,112.6295585,160.7869482,18095.07558
2023/4/6,140.8349328,190.8349328,112.6679463,160.8349328,18111.43885
2023/4/7,140.8829175,190.8829175,112.706334,160.8829175,18112.84478
2023/4/10,140.9309021,190.9309021,112.7447217,160.9309021,18305.08208
2023/4/11,140.9788868,190.9788868,112.7831094,160.9788868,18337.82778
2023/4/12,141.0268714,191.0268714,112.8214971,161.0268714,18148.29965
2023/4/13,141.074856,191.074856,112.8598848,161.074856,18131.73565
2023/4/14,141.1228407,191.1228407,112.8982726,161.1228407,18271.70969
2023/4/17,141.1708253,191.1708253,112.9366603,161.1708253,18178.94276
2023/4/18,141.21881,191.21881,112.975048,161.21881,18307.05518
2023/4/19,141.2667946,191.2667946,113.0134357,161.2667946,18273.65123
2023/4/20,141.3147793,191.3147793,113.0518234,161.3147793,18111.38144
2023/4/21,141.3627639,191.3627639,113.0902111,161.3627639,18427.3033
2023/4/24,141.4107486,191.4107486,113.1285988,161.4107486,18461.73748
2023/4/25,141.4587332,191.4587332,113.1669866,161.4587332,18230.46777
2023/4/26,141.5067179,191.5067179,113.2053743,161.5067179,18262.57341
2023/4/27,141.5547025,191.5547025,113.243762,161.5547025,18339.52704
2023/4/28,141.6026871,191.6026871,113.2821497,161.6026871,18353.98311
2023/5/1,141.6506718,191.6506718,113.3205374,161.6506718,18395.98878
2023/5/2,141.6986564,191.6986564,113.3589251,161.6986564,18540.75174
2023/5/3,141.7466411,191.7466411,113.3973129,161.7466411,18331.63349
2023/5/4,141.7946257,191.7946257,113.4357006,161.7946257,18279.09542
2023/5/5,141.8426104,191.8426104,113.4740883,161.8426104,18230.59015
2023/5/8,141.890595,191.890595,113.512476,161.890595,18305.026
2023/5/9,141.9385797,191.9385797,113.5508637,161.9385797,18384.40323
2023/5/10,141.9865643,191.9865643,113.5892514,161.9865643,18576.76865
2023/5/11,142.0345489,192.0345489,113.6276392,162.0345489,18355.14866
2023/5/12,142.0825336,192.0825336,113.6660269,162.0825336,18438.88551
2023/5/15,142.1305182,192.1305182,113.7044146,162.1305182,18424.46136
2023/5/16,142.1785029,192.1785029,113.7428023,162.1785029,18554.5399
2023/5/17,142.2264875,192.2264875,113.78119,162.2264875,18697.99075
2023/5/18,142.2744722,192.2744722,113.8195777,162.2744722,18401.80756
2023/5/19,142.3224568,192.3224568,113.8579655,162.3224568,18415.54742
2023/5/22,142.3704415,192.3704415,113.8963532,162.3704415,18578.50438
2023/5/23,142.4184261,192.4184261,113.9347409,162.4184261,18551.87437
2023/5/24,142.4664107,192.4664107,113.9731286,162.4664107,18677.95288
2023/5/25,142.5143954,192.5143954,114.0115163,162.5143954,18561.2719
2023/5/26,142.56238,192.56238,114.049904,162.56238,18476.5468
2023/5/29,142.6103647,192.6103647,114.0882917,162.6103647,18581.13842
2023/5/30,142.6583493,192.6583493,114.1266795,162.6583493,18642.54022
2023/5/31,142.706334,192.706334,114.1650672,162.706334,18623.31501
2023/6/1,142.7543186,192.7543186,114.2034549,162.7543186,18601.59113
2023/6/2,142.8023033,192.8023033,114.2418426,162.8023033,18667.12812
2023/6/5,142.8502879,192.8502879,114.2802303,162.8502879,18686.98714
2023/6/6,142.8982726,192.8982726,114.318618,162.8982726,18717.87041
2023/6/7,142.9462572,192.9462572,114.3570058,162.9462572,18654.12243
2023/6/8,142.9942418,192.9942418,114.3953935,162.9942418,18582.13656
2023/6/9,143.0422265,193.0422265,114.4337812,163.0422265,18623.11667
2023/6/12,143.0902111,193.0902111,114.4721689,163.0902111,18738.69312
2023/6/13,143.1381958,193.1381958,114.5105566,163.1381958,18545.94559
2023/6/14,143.1861804,193.1861804,114.5489443,163.1861804,18674.10342
2023/6/15,143.2341651,193.2341651,114.5873321,163.2341651,18607.49913
2023/6/16,143.2821497,193.2821497,114.6257198,163.2821497,18659.30442
2023/6/19,143.3301344,193.3301344,114.6641075,163.3301344,18793.87206
2023/6/20,143.378119,193.378119,114.7024952,163.378119,18694.73371
2023/6/21,143.4261036,193.4261036,114.7408829,163.4261036,18689.86438
2023/6/22,143.4740883,193.4740883,114.7792706,163.4740883,18558.83204
2023/6/23,143.5220729,193.5220729,114.8176583,163.5220729,18779.03994
2023/6/26,143.5700576,193.5700576,114.8560461,163.5700576,18778.55993
2023/6/27,143.6180422,193.6180422,114.8944338,163.6180422,18939.93392
2023/6/28,143.6660269,193.6660269,114.9328215,163.6660269,18702.42755
2023/6/29,143.7140115,193.7140115,114.9712092,163.7140115,18764.71734
2023/6/30,143.7619962,193.7619962,115.0095969,163.7619962,18777.3376
2023/7/3,143.8099808,193.8099808,115.0479846,163.8099808,18919.74149
2023/7/4,143.8579655,193.8579655,115.0863724,163.8579655,18762.06354
2023/7/5,143.9059501,193.9059501,115.1247601,163.9059501,18809.09217
2023/7/6,143.9539347,193.9539347,115.1631478,163.9539347,18851.5766
2023/7/7,144.0019194,194.0019194,115.2015355,164.0019194,18819.04479
2023/7/10,144.049904,194.049904,115.2399232,164.049904,18765.33744
2023/7/11,144.0978887,194.0978887,115.2783109,164.0978887,18838.98673
2023/7/12,144.1458733,194.1458733,115.3166987,164.1458733,18936.53784
2023/7/13,144.193858,194.193858,115.3550864,164.193858,18736.12006
2023/7/14,144.2418426,194.2418426,115.3934741,164.2418426,18861.66549
2023/7/17,144.2898273,194.2898273,115.4318618,164.2898273,18787.95337
2023/7/18,144.3378119,194.3378119,115.4702495,164.3378119,18987.06704
2023/7/19,144.3857965,194.3857965,115.5086372,164.3857965,18724.84062
2023/7/20,144.4337812,194.4337812,115.547025,164.4337812,18830.86405
2023/7/21,144.4817658,194.4817658,115.5854127,164.4817658,18934.07435
2023/7/24,144.5297505,194.5297505,115.6238004,164.5297505,19062.5025
2023/7/25,144.5777351,194.5777351,115.6621881,164.5777351,18908.972
2023/7/26,144.6257198,194.6257198,115.7005758,164.6257198,18869.624
2023/7/27,144.6737044,194.6737044,115.7389635,164.6737044,19122.85659
2023/7/28,144.7216891,194.7216891,115.7773512,164.7216891,18799.53642
2023/7/31,144.7696737,194.7696737,115.815739,164.7696737,18734.05415
2023/8/1,144.8176583,194.8176583,115.8541267,164.8176583,19007.53311
2023/8/2,144.865643,194.865643,115.8925144,164.865643,18922.92318
2023/8/3,144.9136276,194.9136276,115.9309021,164.9136276,18880.60225
2023/8/4,144.9616123,194.9616123,115.9692898,164.9616123,19063.1581
2023/8/7,145.0095969,195.0095969,116.0076775,165.0095969,19026.29946
2023/8/8,145.0575816,195.0575816,116.0460653,165.0575816,18955.10845
2023/8/9,145.1055662,195.1055662,116.084453,165.1055662,18893.0828
2023/8/10,145.1535509,195.1535509,116.1228407,165.1535509,19117.95591
2023/8/11,145.2015355,195.2015355,116.1612284,165.2015355,19105.32722
2023/8/14,145.2495202,195.2495202,116.1996161,165.2495202,19039.98644
2023/8/15,145.2975048,195.2975048,116.2380038,165.2975048,19244.16466
2023/8/16,145.3454894,195.3454894,116.2763916,165.3454894,18962.08941
2023/8/17,145.3934741,195.3934741,116.3147793,165.3934741,18926.1423
2023/8/18,145.4414587,195.4414587,116.353167,165.4414587,19019.10094
2023/8/21,145.4894434,195.4894434,116.3915547,165.4894434,19093.33007
2023/8/22,145.537428,195.537428,116.4299424,165.537428,19131.81955
2023/8/23,145.5854127,195.5854127,116.4683301,165.5854127,19092.95893
2023/8/24,145.6333973,195.6333973,116.5067179,165.6333973,19161.885
2023/8/25,145.681382,195.681382,116.5451056,165.681382,19011.12245
2023/8/28,145.7293666,195.7293666,116.5834933,165.7293666,19290.24978
2023/8/29,145.7773512,195.7773512,116.621881,165.7773512,19147.25513
2023/8/30,145.8253359,195.8253359,116.6602687,165.8253359,19276.79676
2023/8/31,145.8733205,195.8733205,116.6986564,165.8733205,19208.93664
2023/9/1,145.9213052,195.9213052,116.7370441,165.9213052,19229.93636
2023/9/4,145.9692898,195.9692898,116.7754319,165.9692898,19250.83469
2023/9/5,146.0172745,196.0172745,116.8138196,166.0172745,19248.22575
2023/9/6,146.0652591,196.0652591,116.8522073,166.0652591,19277.3241
2023/9/7,146.1132438,196.1132438,116.890595,166.1132438,19355.56401
2023/9/8,146.1612284,196.1612284,116.9289827,166.1612284,19251.8978
2023/9/11,146.2092131,196.2092131,116.9673704,166.2092131,19312.74299
2023/9/12,146.2571977,196.2571977,117.0057582,166.2571977,19242.46597
2023/9/13,146.3051823,196.3051823,117.0441459,166.3051823,19405.04819
2023/9/14,146.353167,196.353167,117.0825336,166.353167,19202.99417
2023/9/15,146.4011516,196.4011516,117.1209213,166.4011516,19460.32437
2023/9/18,146.4491363,196.4491363,117.159309,166.4491363,19285.81146
2023/9/19,146.4971209,196.4971209,117.1976967,166.4971209,19156.34667
2023/9/20,146.5451056,196.5451056,117.2360845,166.5451056,19321.83155
2023/9/21,146.5930902,196.5930902,117.2744722,166.5930902,19250.51288
2023/9/22,146.6410749,196.6410749,117.3128599,166.6410749,19412.27933
2023/9/25,146.6890595,196.6890595,117.3512476,166.6890595,19272.5495
2023/9/26,146.7370441,196.7370441,117.3896353,166.7370441,19302.79049
2023/9/27,146.7850288,196.7850288,117.428023,166.7850288,19168.05169
2023/9/28,146.8330134,196.8330134,117.4664107,166.8330134,19321.37206
2023/9/29,146.8809981,196.8809981,117.5047985,166.8809981,19133.81168
2023/10/2,146.9289827,196.9289827,117.5431862,166.9289827,19227.40626
2023/10/3,146.9769674,196.9769674,117.5815739,166.9769674,19471.43494
2023/10/4,147.024952,197.024952,117.6199616,167.024952,19483.57042
2023/10/5,147.0729367,197.0729367,117.6583493,167.0729367,19457.13309
2023/10/6,147.1209213,197.1209213,117.696737,167.1209213,19327.48665
2023/10/9,147.168906,197.168906,117.7351248,167.168906,19429.01005
2023/10/10,147.2168906,197.2168906,117.7735125,167.2168906,19443.01787
2023/10/11,147.2648752,197.2648752,117.8119002,167.2648752,19337.13858
2023/10/12,147.3128599,197.3128599,117.8502879,167.3128599,19612.91181
2023/10/13,147.3608445,197.3608445,117.8886756,167.3608445,19559.90514
2023/10/16,147.4088292,197.4088292,117.9270633,167.4088292,19459.66942
2023/10/17,147.4568138,197.4568138,117.9654511,167.4568138,19494.05135
2023/10/18,147.5047985,197.5047985,118.0038388,167.5047985,19521.79797
2023/10/19,147.5527831,197.5527831,118.0422265,167.5527831,19306.38314
2023/10/20,147.6007678,197.6007678,118.0806142,167.6007678,19495.43581
2023/10/23,147.6487524,197.6487524,118.1190019,167.6487524,19461.55206
2023/10/24,147.696737,197.696737,118.1573896,167.696737,19439.18541
2023/10/25,147.7447217,197.7447217,118.1957774,167.7447217,19520.83431
2023/10/26,147.7927063,197.7927063,118.2341651,167.7927063,19738.30992
2023/10/27,147.840691,197.840691,118.2725528,167.840691,19632.22248
2023/10/30,147.8886756,197.8886756,118.3109405,167.8886756,19520.61723
2023/10/31,147.9366603,197.9366603,118.3493282,167.9366603,19644.59033
2023/11/1,147.9846449,197.9846449,118.3877159,167.9846449,19736.86453
2023/11/2,148.0326296,198.0326296,118.4261036,168.0326296,19698.98928
2023/11/3,148.0806142,198.0806142,118.4644914,168.0806142,19622.08588
2023/11/6,148.1285988,198.1285988,118.5028791,168.1285988,19561.02609
2023/11/7,148.1765835,198.1765835,118.5412668,168.1765835,19705.13903
2023/11/8,148.2245681,198.2245681,118.5796545,168.2245681,19684.26217
2023/11/9,148.2725528,198.2725528,118.6180422,168.2725528,19744.02988
2023/11/10,148.3205374,198.3205374,118.6564299,168.3205374,19727.62467
2023/11/13,148.3685221,198.3685221,118.6948177,168.3685221,19778.65969
2023/11/14,148.4165067,198.4165067,118.7332054,168.4165067,19629.77782
2023/11/15,148.4644914,198.4644914,118.7715931,168.4644914,19824.63768
2023/11/16,148.512476,198.512476,118.8099808,168.512476,19722.25516
2023/11/17,148.5604607,198.5604607,118.8483685,168.5604607,19919.61822
2023/11/20,148.6084453,198.6084453,118.8867562,168.6084453,19652.77028
2023/11/21,148.6564299,198.6564299,118.925144,168.6564299,19904.88237
2023/11/22,148.7044146,198.7044146,118.9635317,168.7044146,19760.674
2023/11/23,148.7523992,198.7523992,119.0019194,168.7523992,19685.33805
2023/11/24,148.8003839,198.8003839,119.0403071,168.8003839,19711.68819
2023/11/27,148.8483685,198.8483685,119.0786948,168.8483685,19737.63897
2023/11/28,148.8963532,198.8963532,119.1170825,168.8963532,19821.68723
2023/11/29,148.9443378,198.9443378,119.1554702,168.9443378,19841.15111
2023/11/30,148.9923225,198.9923225,119.193858,168.9923225,19741.09449
2023/12/1,149.0403071,199.0403071,119.2322457,169.0403071,19805.62596
2023/12/4,149.0882917,199.0882917,119.2706334,169.0882917,20031.88539
2023/12/5,149.1362764,199.1362764,119.3090211,169.1362764,20000.0096
2023/12/6,149.184261,199.184261,119.3474088,169.184261,19880.48457
2023/12/7,149.2322457,199.2322457,119.3857965,169.2322457,19850.24948
2023/12/8,149.2802303,199.2802303,119.4241843,169.2802303,19868.0492
2023/12/11,149.328215,199.328215,119.462572,169.328215,19926.99479
2023/12/12,149.3761996,199.3761996,119.5009597,169.3761996,19772.96067
2023/12/13,149.4241843,199.4241843,119.5393474,169.4241843,19859.0992
2023/12/14,149.4721689,199.4721689,119.5777351,169.4721689,19727.57537
2023/12/15,149.5201536,199.5201536,119.6161228,169.5201536,19943.95302
2023/12/18,149.5681382,199.5681382,119.6545106,169.5681382,19978.34723
2023/12/19,149.6161228,199.6161228,119.6928983,169.6161228,19874.90592
2023/12/20,149.6641075,199.6641075,119.731286,169.6641075,20090.22017
2023/12/21,149.7120921,199.7120921,119.7696737,169.7120921,19819.84186
2023/12/22,149.7600768,199.7600768,119.8080614,169.7600768,19805.57787
2023/12/25,149.8080614,199.8080614,119.8464491,169.8080614,19984.05747
2023/12/26,149.8560461,199.8560461,119.8848369,169.8560461,20075.91904
2023/12/27,149.9040307,199.9040307,119.9232246,169.9040307,20149.19891
2023/12/28,149.9520154,199.9520154,119.9616123,169.9520154,19944.51464
2023/12/29,150,200,120,170,20107.86808
